História de Crédito;Dívida;Garantias;Renda Anual;Risco
Ruím;Alta;Nenhuma;< 15.000;Alto
Desconhecida;Alta;Nenhuma;>= 15.000 a <= 35.000;Alto
Desconhecida;Baixa;Nenhuma;>= 15.000 a <= 35.000;Moderado
Desconhecida;Baixa;Nenhuma;< 15.000;Alto
Desconhecida;Baixa;Nenhuma;> 35.000;Baixo
Desconhecida;Baixa;Adequada;> 35.000;Baixo
Ruím;Baixa;Nenhuma;< 15.000;Alto
Ruím;Baixa;Adequada;> 35.000;Moderado
Boa;Baixa;Nenhuma;> 35.000;Baixo
Boa;Alta;Adequada;> 35.000;Baixo
Boa;Alta;Nenhuma;< 15.000;Alto
Boa;Alta;Nenhuma;>= 15.000 a <= 35.000;Moderado
Boa;Alta;Nenhuma;> 35.000;Baixo
Ruím;Alta;Nenhuma;>= 15.000 a <= 35.000;Alto
